Epoch,Loss
1,2.97658109664917
2,2.636249840259552
3,2.589691698551178
4,1.8261476755142212
5,0.9699623491615057
6,0.5458445437252522
7,0.15639062889385968
8,0.0178514908766374
9,0.001969724296941422
10,0.0006949283124413341
11,0.0006022077068337239
12,0.0005356994515750557
13,0.000491014179715421
14,0.00030214717116905376
15,0.00022902007913216949
16,0.0002959293415187858
17,0.00029008081037318334
18,0.00020770151240867563
19,0.00019337561752763577
20,0.00018314864064450376
